{"cameraMode":{"drawMode":0,"name":"Shaded","section":"Shading Mode"},"sceneLighting":true,"audioPlay":false,"sceneViewState":{"m_AlwaysRefresh":false,"showFog":true,"showSkybox":true,"showFlares":true,"showImageEffects":true,"showParticleSystems":true,"showVisualEffectGraphs":true,"m_FxEnabled":true},"in2DMode":false,"pivot":{"x":65.44271850585938,"y":-51.734535217285159,"z":26.426305770874025},"rotation":{"x":0.20010599493980409,"y":0.40532341599464419,"z":-0.09140855073928833,"w":0.8873087167739868},"size":71.69218444824219,"orthographic":false}